<?xml version="1.0" encoding="UTF-8" standalone="yes"?>
<addon id="script.monkey.openvpn" name="OpenVPN Script" version="1.0.0" provider-name="monkey codes">
	<requires>
		<import addon="xbmc.python" version="2.14.0"/>
    <import addon="script.module.beautifulsoup" version="3.0.8"/>
	</requires>
	<extension point="xbmc.python.script" library="addon.py">
		<provides>executable</provides>
	</extension>
	<extension point="xbmc.addon.metadata">
		<platform>all</platform>
		<summary lang="en">Control OpenVPN Connections through systemd</summary>
		<description lang="en">Control OpenVPN Connections from inside Kodi interface. The script relies on openvpn systemd service being installed</description>
		<license>GNU General Public License, v2</license>
		<language></language>
    <source>https://github.com/monkey-codes/kodi-monkey-repo/tree/master/script.monkey.openvpn</source>
    <website>https://github.com/monkey-codes/kodi-monkey-repo</website>
		<email>jz@monkey.codes</email>
		<news>Updated the addon to use new addon.xml metadata</news>
	</extension>
</addon>
