<?xml version="1.0" encoding="UTF-8"?>
<window>
	<include>Animation_DialogPopupOpenClose</include>
	<depth>DepthDialog+</depth>
	<controls>
		<control type="group">
			<height>390</height>
			<centertop>35%</centertop>
			<centerleft>50%</centerleft>
			<width>915</width>
			<include content="DialogBackgroundCommons">
				<param name="width" value="920" />
				<param name="height" value="639" />
				<param name="header_label" value="Current VPN Status" />
				<param name="header_id" value="1" />
			</include>
			<control type="image">
				<left>30</left>
				<top>70</top>
				<width>225</width>
				<height>137</height>
				<aspectratio>keep</aspectratio>
				<texture background="true">$INFO[Window(10001).Property(VPN.Flag)]</texture>
				<bordertexture border="8">ThumbShadow.png</bordertexture>
				<bordersize>8</bordersize>
			</control>
			<control type="group">
				<left>270</left>
				<top>130</top>
				<control type="label">
					<description>Exit node txt</description>
					<left>10</left>
					<top>0</top>
					<width>140</width>
					<height>25</height>
					<label>Exit Node:</label>
					<align>right</align>
					<aligny>center</aligny>
					<font>font13</font>
					<textcolor>blue</textcolor>
				</control>
				<control type="label">
					<description>exit node Value</description>
					<left>160</left>
					<top>0</top>
					<width>440</width>
					<height>25</height>
					<label fallback="416">$INFO[Window(10001).Property(VPN.ExitNode)]</label>
					<align>left</align>
					<aligny>center</aligny>
					<font>font13</font>
					<scroll>true</scroll>
				</control>
				<control type="label">
					<description>Active Config txt</description>
					<left>10</left>
					<top>30</top>
					<width>140</width>
					<height>25</height>
					<label>Active Config:</label>
					<align>right</align>
					<aligny>center</aligny>
					<font>font13</font>
					<textcolor>blue</textcolor>
				</control>
				<control type="label">
					<description>Active config Value</description>
					<left>160</left>
					<top>30</top>
					<width>440</width>
					<height>25</height>
					<label fallback="416">$INFO[Window(10001).Property(VPN.ActiveConfig)]</label>
					<align>left</align>
					<aligny>center</aligny>
					<font>font13</font>
					<scroll>true</scroll>
				</control>
				<control type="label">
					<description>Status txt</description>
					<left>10</left>
					<top>60</top>
					<width>140</width>
					<height>25</height>
					<label>Status:</label>
					<align>right</align>
					<aligny>center</aligny>
					<font>font13</font>
					<textcolor>blue</textcolor>
				</control>
				<control type="label">
					<description>Status Value</description>
					<left>160</left>
					<top>60</top>
					<width>440</width>
					<height>25</height>
					<label fallback="416">$INFO[Window(10001).Property(VPN.Status)]</label>
					<align>left</align>
					<aligny>center</aligny>
					<font>font13</font>
					<scroll>true</scroll>
				</control>
			</control> <!-- end group -->
			<control type="group">
				<left>30</left>
				<top>90</top>
				<control type="image">
					<left>0</left>
					<top>160</top>
					<width>860</width>
					<height>4</height>
					<texture>separator.png</texture>
				</control>
				<control type="image">
					<left>0</left>
					<top>190</top>
					<width>860</width>
					<height>325</height>
					<aspectratio>scale</aspectratio>
					<texture>$INFO[Window(10001).Property(VPN.Map)]</texture>
				</control>
			</control>
		</control>
	</controls>
</window>

